LEGO,Theme,Set Number,Set Name,Release Date,Minifigures,Piece Count,MSRP,PPP,PPM,Dahlen,,,,Garrett,Mom,Dad,,
,,,,,,,,,,Owned,Collected,Complete,Rebuilt,Owned,Owned,Owned,,
TRUE,Agents,8631,Mission 1: Jetpack Pursuit,2008,2,78,$9.99,$0.13,$5.00,TRUE,FALSE,FALSE,FALSE,FALSE,FALSE,FALSE,,
TRUE,Agents,8634,Mission 5: Turbocar Chase,2008,3,468,$49.99,$0.11,$16.66,TRUE,FALSE,FALSE,FALSE,FALSE,FALSE,FALSE,,
TRUE,Agents,8967,Gold Tooth's Getaway,2009,2,59,$9.99,$0.17,$5.00,TRUE,FALSE,FALSE,FALSE,FALSE,FALSE,FALSE,,
TRUE,Alien Conquest,7050,Alien Defender,2011,2,97,$9.99,$0.10,$5.00,TRUE,FALSE,FALSE,FALSE,FALSE,FALSE,FALSE,,
TRUE,Alien Conquest,7049,Alien Striker,2011,2,34,$4.99,$0.15,$2.50,TRUE,FALSE,FALSE,FALSE,FALSE,FALSE,FALSE,,
TRUE,Alien Conquest,7051,Tripod Invader,2011,2,159,$19.99,$0.13,$10.00,TRUE,FALSE,FALSE,FALSE,FALSE,FALSE,FALSE,,
TRUE,Architecture,21002,Empire State Building,2009,0,77,$19.99,$0.26,-,TRUE,FALSE,FALSE,FALSE,FALSE,FALSE,FALSE,,
TRUE,Architecture,21005,Fallingwater,2009,0,811,$99.99,$0.12,-,TRUE,FALSE,FALSE,FALSE,FALSE,FALSE,FALSE,,
TRUE,Architecture,21003,Seattle Space Needle,2009,0,57,$19.99,$0.35,-,TRUE,FALSE,FALSE,FALSE,FALSE,FALSE,FALSE,,
TRUE,Architecture,21006,The White House,2010,0,560,$49.99,$0.09,-,TRUE,FALSE,FALSE,FALSE,FALSE,FALSE,FALSE,,
TRUE,Atlantis,8061,Gateway of the Squid,2010,3,337,$39.99,$0.12,$13.33,TRUE,FALSE,FALSE,FALSE,FALSE,FALSE,FALSE,,
TRUE,Atlantis,30042,Mini Sub Polybag,2010,1,30,$3.99,$0.13,$3.99,TRUE,FALSE,FALSE,FALSE,FALSE,FALSE,FALSE,,
TRUE,Atlantis,8056,Monster Crab Clash,2010,1,62,$6.99,$0.11,$6.99,TRUE,FALSE,FALSE,FALSE,FALSE,FALSE,FALSE,,
TRUE,Atlantis,8059,Seabed Scavenger,2010,2,109,$14.99,$0.14,$7.50,TRUE,FALSE,FALSE,FALSE,FALSE,FALSE,FALSE,,
TRUE,Atlantis,8057,Wreck Raider,2010,2,55,$9.99,$0.18,$5.00,TRUE,FALSE,FALSE,FALSE,FALSE,FALSE,FALSE,,
TRUE,Atlantis,7976,Ocean Speeder,2011,1,47,$4.99,$0.11,$4.99,TRUE,FALSE,FALSE,FALSE,FALSE,FALSE,FALSE,,
FALSE,Brick Sketches,40386,Batman,2020,0,115,$16.99,$0.15,-,TRUE,TRUE,TRUE,FALSE,FALSE,FALSE,FALSE,,
FALSE,Brick Sketches,40428,The Joker,2020,0,170,$16.99,$0.10,-,FALSE,FALSE,FALSE,FALSE,TRUE,FALSE,FALSE,,
FALSE,BrickHeadz,41589,Captain America,2017,0,79,$9.99,$0.13,-,FALSE,FALSE,FALSE,FALSE,TRUE,FALSE,FALSE,,
FALSE,BrickHeadz,41487,Lloyd,2017,0,102,$9.99,$0.10,-,FALSE,FALSE,FALSE,FALSE,TRUE,FALSE,FALSE,,
FALSE,BrickHeadz,41605,Thanos,2018,0,105,$9.99,$0.10,-,FALSE,FALSE,FALSE,FALSE,TRUE,FALSE,FALSE,,
FALSE,BrickHeadz,40539,Ahsoka Tano,2022,0,164,$9.99,$0.06,-,TRUE,TRUE,TRUE,FALSE,FALSE,FALSE,FALSE,,
TRUE,Castle,7948,Outpost Attack,2010,3,181,$19.99,$0.11,$6.66,TRUE,FALSE,FALSE,FALSE,FALSE,FALSE,FALSE,,
TRUE,Castle,7949,Prison Carriage Rescue,2010,3,37,$9.99,$0.27,$3.33,TRUE,FALSE,FALSE,FALSE,FALSE,FALSE,FALSE,,
TRUE,Castle,6918,Blacksmith Attack,2011,2,95,$9.99,$0.11,$5.00,TRUE,FALSE,FALSE,FALSE,FALSE,FALSE,FALSE,,
TRUE,Castle,70400,Forest Ambush,2013,4,74,$11.99,$0.16,$3.00,TRUE,FALSE,FALSE,FALSE,FALSE,FALSE,FALSE,,
TRUE,Castle,70404,King's Castle,2013,7,961,$99.99,$0.10,$14.28,TRUE,FALSE,FALSE,FALSE,FALSE,FALSE,FALSE,,
TRUE,Castle,850889,Castle Dragons Accessory Set Blister Pack,2014,4,24,$14.99,$0.62,$3.75,TRUE,FALSE,FALSE,FALSE,FALSE,FALSE,FALSE,,
TRUE,Castle,5004419,Classic Knights Minifigure,2016,1,41,$0.00,$0.00,$0.00,TRUE,FALSE,FALSE,FALSE,FALSE,FALSE,FALSE,,
TRUE,City,60047,Police Station,2014,7,823,$99.99,$0.12,$14.28,TRUE,FALSE,FALSE,FALSE,FALSE,FALSE,FALSE,,
TRUE,City,60253,Ice Cream Truck,2020,2,192,$19.99,$0.10,$10.00,TRUE,FALSE,FALSE,FALSE,FALSE,FALSE,FALSE,,
TRUE,City,60283,Holiday Camper Van,2021,3,179,$19.99,$0.11,$6.66,TRUE,FALSE,FALSE,FALSE,FALSE,FALSE,FALSE,,
TRUE,City,60383,Electric Sports Car,2023,1,91,$9.99,$0.11,$9.99,TRUE,TRUE,TRUE,FALSE,FALSE,FALSE,FALSE,,
TRUE,City,60384,Penguin Slushy Van,2023,2,186,$19.99,$0.11,$10.00,TRUE,FALSE,FALSE,FALSE,FALSE,FALSE,FALSE,,
TRUE,City,60386,Recycling Truck,2023,3,249,$29.99,$0.12,$10.00,TRUE,TRUE,TRUE,FALSE,FALSE,FALSE,FALSE,,
TRUE,City,60404,Burger Truck,2024,2,186,$19.99,$0.11,$10.00,TRUE,TRUE,TRUE,TRUE,FALSE,FALSE,FALSE,,
TRUE,City,60452,Donut Truck,2025,2,196,$19.99,$0.10,$10.00,TRUE,TRUE,TRUE,TRUE,FALSE,FALSE,FALSE,,
TRUE,Creator,31012,Family House,2013,2,748,$69.99,$0.09,$35.00,TRUE,FALSE,FALSE,FALSE,FALSE,FALSE,FALSE,,
TRUE,Creator,31109,Pirate Ship,2020,4,1242,$119.99,$0.10,$30.00,TRUE,TRUE,TRUE,TRUE,FALSE,FALSE,FALSE,,
TRUE,Creator,31120,Midieval Castle ,2021,4,1408,$99.99,$0.07,$25.00,TRUE,TRUE,TRUE,TRUE,FALSE,FALSE,FALSE,,
TRUE,Creator,31134,Space Shuttle,2023,0,144,$9.99,$0.07,-,TRUE,TRUE,TRUE,FALSE,FALSE,FALSE,FALSE,,
TRUE,Creator,31153,Modern House,2024,2,931,$99.99,$0.11,$50.00,TRUE,TRUE,TRUE,TRUE,FALSE,FALSE,FALSE,,
TRUE,Creator,30670,Santa's Sleigh Ride Polybag,2024,0,73,$4.99,$0.07,-,TRUE,FALSE,FALSE,FALSE,FALSE,FALSE,FALSE,,
FALSE,DC,30160,Batman: Jet Surfer Polybag,2012,1,35,$4.99,$0.14,$4.99,TRUE,FALSE,FALSE,FALSE,FALSE,FALSE,FALSE,,
FALSE,DC,6864,Batmobile and the Two-Face Chase,2012,5,510,$49.99,$0.10,$10.00,TRUE,FALSE,FALSE,FALSE,TRUE,FALSE,FALSE,,
FALSE,DC,6858,Catwoman Catcycle City Chase,2012,2,72,$12.99,$0.18,$6.50,FALSE,FALSE,FALSE,FALSE,TRUE,FALSE,FALSE,,
FALSE,DC,30164,Lex Luthor Polybag,2012,1,10,$0.00,$0.00,$0.00,FALSE,FALSE,FALSE,FALSE,TRUE,FALSE,FALSE,,
FALSE,DC,6862,Superman vs. Power Armor Lex,2012,3,195,$19.99,$0.10,$6.66,TRUE,FALSE,FALSE,FALSE,FALSE,FALSE,FALSE,,
FALSE,DC,6860,The Batcave,2012,5,669,$69.99,$0.10,$14.00,TRUE,TRUE,TRUE,FALSE,FALSE,FALSE,FALSE,,
FALSE,DC,6857,The Dynamic Duo Funhouse Escape,2012,5,358,$39.99,$0.11,$8.00,TRUE,FALSE,FALSE,FALSE,TRUE,FALSE,FALSE,,
FALSE,DC,76000,Arctic Batman vs. Mr. Freeze: Aquaman on Ice,2013,3,184,$19.99,$0.11,$6.66,TRUE,FALSE,FALSE,FALSE,TRUE,FALSE,FALSE,,
FALSE,DC,30166,Robin and Redbird Cycle Polybag,2013,1,35,$4.99,$0.14,$4.99,FALSE,FALSE,FALSE,FALSE,FALSE,FALSE,FALSE,,
FALSE,DC,76002,Superman: Metropolis Showdown,2013,2,110,$12.99,$0.12,$6.50,FALSE,FALSE,FALSE,FALSE,TRUE,FALSE,FALSE,,
FALSE,DC,76011,Batman: Man-Bat Attack,2014,3,171,$19.99,$0.12,$6.66,TRUE,FALSE,FALSE,FALSE,TRUE,FALSE,FALSE,,
FALSE,DC,76013,Batman: The Joker Steam Roller,2014,5,463,$49.99,$0.11,$10.00,FALSE,FALSE,FALSE,FALSE,TRUE,FALSE,FALSE,,
FALSE,DC,76010,Batman: The Penguin Faceoff,2014,2,125,$12.99,$0.10,$6.50,TRUE,FALSE,FALSE,FALSE,TRUE,FALSE,FALSE,,
FALSE,DC,5004081,Plastic Man,2014,1,0,$0.00,$0.00,$0.00,FALSE,FALSE,FALSE,FALSE,FALSE,FALSE,FALSE,,
FALSE,DC,76040,Brainiac Attack,2015,4,161,$24.99,$0.16,$6.25,FALSE,FALSE,FALSE,FALSE,TRUE,FALSE,FALSE,,
FALSE,DC,76025,Green Lantern vs. Sinestro,2015,3,158,$19.99,$0.13,$6.66,FALSE,FALSE,FALSE,FALSE,TRUE,FALSE,FALSE,,
FALSE,DC,76035,Jokerland,2015,8,1003,$119.99,$0.12,$15.00,FALSE,FALSE,FALSE,FALSE,TRUE,FALSE,FALSE,,
FALSE,DC,76034,The Batboat Harbor Pursuit,2015,3,251,$29.99,$0.12,$10.00,TRUE,FALSE,FALSE,FALSE,TRUE,FALSE,FALSE,,
FALSE,DC,30303,The Joker Bumper Car Polybag,2015,1,43,$3.99,$0.09,$3.99,TRUE,FALSE,FALSE,FALSE,FALSE,FALSE,FALSE,,
FALSE,DC,76054,Batman: Scarecrow Harvest of Fear,2016,5,539,$59.99,$0.11,$12.00,TRUE,FALSE,FALSE,FALSE,TRUE,FALSE,FALSE,,
FALSE,DC,76044,Clash of the Heroes,2016,2,81,$12.99,$0.16,$6.50,TRUE,FALSE,FALSE,FALSE,FALSE,FALSE,FALSE,,
FALSE,DC,76053,Gotham City Cycle Chase,2016,3,211,$19.99,$0.09,$6.66,TRUE,FALSE,FALSE,FALSE,TRUE,FALSE,FALSE,,
FALSE,DC,76062,Mighty Micros: Robin vs. Bane,2016,2,69,$9.99,$0.14,$5.00,FALSE,FALSE,FALSE,FALSE,TRUE,FALSE,FALSE,,
FALSE,DC,76063,Mighty Micros: The Flash vs. Captain Cold,2016,2,80,$9.99,$0.12,$5.00,FALSE,FALSE,FALSE,FALSE,TRUE,FALSE,FALSE,,
FALSE,DC,30606,Nightwing Polybag,2016,1,2,$0.00,$0.00,$0.00,FALSE,FALSE,FALSE,FALSE,TRUE,FALSE,FALSE,,
FALSE,DC,76085,Battle of Atlantis,2017,4,179,$19.99,$0.11,$5.00,FALSE,FALSE,FALSE,FALSE,TRUE,FALSE,FALSE,,
FALSE,DC,11914,Build Your Own Adventure,2017,1,80,$0.00,$0.00,$0.00,FALSE,FALSE,FALSE,FALSE,TRUE,FALSE,FALSE,,
FALSE,DC,853651,Gotham City Police Department Pack Blister Pack,2017,3,19,$12.99,$0.68,$4.33,FALSE,FALSE,FALSE,FALSE,TRUE,FALSE,FALSE,,
FALSE,DC,76068,Mighty Micros: Superman vs. Bizarro,2017,2,83,$9.99,$0.12,$5.00,FALSE,FALSE,FALSE,FALSE,TRUE,FALSE,FALSE,,
FALSE,DC,76070,Mighty Micros: Wonder Woman vs. Doomsday,2017,2,75,$9.99,$0.13,$5.00,FALSE,FALSE,FALSE,FALSE,TRUE,FALSE,FALSE,,
FALSE,DC,70901,Mr. Freeze Ice Attack,2017,3,183,$19.99,$0.11,$6.66,FALSE,FALSE,FALSE,FALSE,TRUE,FALSE,FALSE,,
FALSE,DC,70905,The Batmobile,2017,5,560,$59.99,$0.11,$12.00,TRUE,FALSE,FALSE,FALSE,TRUE,FALSE,FALSE,,
FALSE,DC,30521,The Mini Batmobile Polybag,2017,0,68,$4.99,$0.07,-,TRUE,FALSE,FALSE,FALSE,FALSE,FALSE,FALSE,,
FALSE,DC,30524,The Mini Batwing Polybag,2017,0,80,$4.99,$0.06,-,FALSE,FALSE,FALSE,FALSE,TRUE,FALSE,FALSE,,
FALSE,DC,76111,Batman: Brother Eye Takedown,2018,3,255,$29.99,$0.12,$10.00,FALSE,FALSE,FALSE,FALSE,TRUE,FALSE,FALSE,,
FALSE,DC,30617,Green Lantern Jessica Cruz Polybag,2018,1,0,$0.00,$0.00,$0.00,FALSE,FALSE,FALSE,FALSE,TRUE,FALSE,FALSE,,
FALSE,DC,76097,Lex Luthor Mech Takedown,2018,5,386,$39.99,$0.10,$8.00,FALSE,FALSE,FALSE,FALSE,TRUE,FALSE,FALSE,,
FALSE,DC,30614,Lex Luthor Polybag,2018,1,0,$0.00,$0.00,$0.00,FALSE,FALSE,FALSE,FALSE,TRUE,FALSE,FALSE,,
FALSE,DC,76093,Mighty Micros: Nightwing vs. The Joker,2018,2,76,$9.99,$0.13,$5.00,FALSE,FALSE,FALSE,FALSE,TRUE,FALSE,FALSE,,
FALSE,DC,76096,Superman & Krypto Team-Up,2018,2,190,$19.99,$0.11,$10.00,FALSE,FALSE,FALSE,FALSE,TRUE,FALSE,FALSE,,
FALSE,DC,70919,The Justice League Anniversary Party,2018,4,244,$29.99,$0.12,$7.50,FALSE,FALSE,FALSE,FALSE,TRUE,FALSE,FALSE,,
FALSE,DC,76159,Joker's Trike Chase,2020,4,422,$49.99,$0.12,$12.50,TRUE,FALSE,FALSE,FALSE,FALSE,FALSE,FALSE,,
FALSE,DC,76179,Batman & Selina Kyle Motorcycle Pursuit,2021,2,140,$14.99,$0.11,$7.50,FALSE,FALSE,FALSE,FALSE,TRUE,FALSE,FALSE,,
FALSE,DC,76188,Batman Classic TV Series Batmobile,2021,2,336,$29.99,$0.09,$15.00,TRUE,TRUE,FALSE,FALSE,FALSE,FALSE,FALSE,,
FALSE,DC,76181,Batmobile: The Penguin Chase,2021,2,383,$29.99,$0.08,$15.00,FALSE,FALSE,FALSE,FALSE,TRUE,FALSE,FALSE,,
FALSE,DC,76238,Classic TV Series Batman Cowl,2021,0,372,$59.99,$0.16,-,TRUE,TRUE,TRUE,FALSE,FALSE,FALSE,FALSE,,
FALSE,DC,30653,Batman 1992 Polybag,2023,1,36,$4.99,$0.14,$4.99,TRUE,TRUE,TRUE,TRUE,TRUE,FALSE,FALSE,,
FALSE,DC,30653,Batman 1992 Polybag,2023,1,36,$4.99,$0.14,$4.99,TRUE,FALSE,FALSE,TRUE,FALSE,FALSE,FALSE,,
FALSE,DC,76224,Batmobile: Batman vs. The Joker Chase,2023,2,429,$47.99,$0.11,$24.00,TRUE,FALSE,FALSE,TRUE,FALSE,FALSE,FALSE,,
FALSE,DC,76265,Batwing: Batman vs. The Joker,2023,2,348,$37.99,$0.11,$19.00,TRUE,FALSE,FALSE,TRUE,FALSE,FALSE,FALSE,,
FALSE,DC,76274,Batman with the Batmobile vs. Harley Quinn and Mr. Freeze,2024,3,422,$59.99,$0.14,$20.00,TRUE,TRUE,TRUE,TRUE,FALSE,FALSE,FALSE,,
TRUE,Dino,5882,Ambush Attack,2012,1,76,$11.99,$0.16,$11.99,TRUE,FALSE,FALSE,FALSE,FALSE,FALSE,FALSE,,
TRUE,Dino,5884,Raptor Chase,2012,2,251,$29.99,$0.12,$15.00,TRUE,FALSE,FALSE,FALSE,FALSE,FALSE,FALSE,,
TRUE,Friends,3061,City Park Cafe,2012,2,214,$34.99,$0.16,$17.50,TRUE,FALSE,FALSE,FALSE,FALSE,FALSE,FALSE,,
TRUE,Friends,3931,Emma's Splash Pool,2012,1,39,$5.99,$0.15,$5.99,TRUE,FALSE,FALSE,FALSE,FALSE,FALSE,FALSE,,
TRUE,Galaxy Squad,70700,Space Swarmer,2013,2,80,$11.99,$0.15,$6.00,TRUE,FALSE,FALSE,FALSE,FALSE,FALSE,FALSE,,
TRUE,Galaxy Squad,70701,Swarm Interceptor,2013,2,207,$19.99,$0.10,$10.00,TRUE,FALSE,FALSE,FALSE,FALSE,FALSE,FALSE,,
TRUE,Games,3844,Creationary,2009,2,335,$34.99,$0.10,$17.50,TRUE,FALSE,FALSE,FALSE,FALSE,FALSE,FALSE,,
TRUE,Games,3838,Lava Dragon,2009,4,132,$14.99,$0.11,$3.75,TRUE,FALSE,FALSE,FALSE,FALSE,FALSE,FALSE,,
TRUE,Games,3841,Minitaurus,2009,12,212,$24.99,$0.12,$2.08,TRUE,FALSE,FALSE,FALSE,FALSE,FALSE,FALSE,,
TRUE,Games,3840,Pirate Code,2009,1,263,$9.99,$0.04,$9.99,TRUE,FALSE,FALSE,FALSE,FALSE,FALSE,FALSE,,
TRUE,Games,3847,Magma Monster,2010,4,91,$14.99,$0.16,$3.75,TRUE,FALSE,FALSE,FALSE,FALSE,FALSE,FALSE,,
TRUE,Games,3861,Lego Champion,2011,8,208,$34.99,$0.17,$4.37,TRUE,FALSE,FALSE,FALSE,FALSE,FALSE,FALSE,,
FALSE,Harry Potter,4736,Freeing Dobby,2010,3,61,$10.99,$0.18,$3.66,FALSE,FALSE,FALSE,FALSE,TRUE,FALSE,FALSE,,
FALSE,Harry Potter,4738,Hagrid's Hut (3rd Edition),2010,4,427,$39.99,$0.09,$10.00,FALSE,FALSE,FALSE,FALSE,TRUE,FALSE,FALSE,,
FALSE,Harry Potter,4737,Quidditch Match,2010,5,128,$19.99,$0.16,$4.00,FALSE,FALSE,FALSE,FALSE,TRUE,FALSE,FALSE,,
FALSE,Harry Potter,4840,The Burrow,2010,6,544,$59.99,$0.11,$10.00,FALSE,FALSE,FALSE,FALSE,TRUE,FALSE,FALSE,,
FALSE,Harry Potter,4867,Hogwarts,2011,7,433,$49.99,$0.12,$7.14,FALSE,FALSE,FALSE,FALSE,TRUE,FALSE,FALSE,,
FALSE,Harry Potter,4865,The Forbidden Forest,2011,4,49,$11.99,$0.24,$3.00,FALSE,FALSE,FALSE,FALSE,TRUE,FALSE,FALSE,,
FALSE,Harry Potter,4866,The Knight Bus,2011,3,269,$34.99,$0.13,$11.66,FALSE,FALSE,FALSE,FALSE,TRUE,FALSE,FALSE,,
FALSE,Harry Potter,30111,The Lab Polybag,2011,1,30,$3.99,$0.13,$3.99,FALSE,FALSE,FALSE,FALSE,TRUE,FALSE,FALSE,,
FALSE,Harry Potter,30110,Trolley Polybag,2011,1,18,$4.99,$0.28,$4.99,FALSE,FALSE,FALSE,FALSE,TRUE,FALSE,FALSE,,
FALSE,Harry Potter,75950,Aragog's Lair,2018,2,149,$14.99,$0.10,$7.50,FALSE,FALSE,FALSE,FALSE,TRUE,FALSE,FALSE,,
FALSE,Harry Potter,75954,Hogwarts Great Hall,2018,10,835,$99.99,$0.12,$10.00,FALSE,FALSE,FALSE,FALSE,TRUE,FALSE,FALSE,,
FALSE,Hobbit/ LOTR,9472,Attack on Weathertop,2012,5,406,$59.99,$0.15,$12.00,FALSE,FALSE,FALSE,FALSE,TRUE,FALSE,FALSE,,
FALSE,Hobbit/ LOTR,79004,Barrel Escape,2012,5,313,$39.99,$0.13,$8.00,TRUE,FALSE,FALSE,FALSE,FALSE,FALSE,FALSE,,
FALSE,Hobbit/ LOTR,79001,Escape from Mirkwood Spiders,2012,4,280,$29.99,$0.11,$7.50,TRUE,FALSE,FALSE,FALSE,FALSE,FALSE,FALSE,,
FALSE,Hobbit/ LOTR,9469,Gandalf Arrives,2012,2,73,$12.99,$0.18,$6.50,TRUE,FALSE,FALSE,FALSE,FALSE,FALSE,FALSE,,
FALSE,Hobbit/ LOTR,30212,Mirkwood Elf Guard Polybag,2012,1,22,$4.99,$0.23,$4.99,FALSE,FALSE,FALSE,FALSE,TRUE,FALSE,FALSE,,
FALSE,Hobbit/ LOTR,79000,Riddles for the Ring,2012,2,98,$9.99,$0.10,$5.00,TRUE,FALSE,FALSE,FALSE,FALSE,FALSE,FALSE,,
FALSE,Hobbit/ LOTR,9470,Shelob Attacks,2012,3,214,$19.99,$0.09,$6.66,TRUE,FALSE,FALSE,FALSE,FALSE,FALSE,FALSE,,
FALSE,Hobbit/ LOTR,9471,Uruk-hai Army,2012,6,229,$29.99,$0.13,$5.00,TRUE,FALSE,FALSE,FALSE,FALSE,FALSE,FALSE,,
FALSE,Hobbit/ LOTR,79006,The Council of Elrond,2013,4,225,$29.99,$0.13,$7.50,FALSE,FALSE,FALSE,FALSE,TRUE,FALSE,FALSE,,
FALSE,Hobbit/ LOTR,30215,Legolas Greenleaf Polybag,2014,1,29,$0.00,$0.00,$0.00,TRUE,FALSE,FALSE,FALSE,FALSE,FALSE,FALSE,,
TRUE,Holidays,40165,Wedding Favor Set,2016,2,81,$9.99,$0.12,$5.00,FALSE,FALSE,FALSE,FALSE,TRUE,FALSE,FALSE,,
TRUE,Holidays,40702,Christmas Picture Frame,2024,0,209,$0.00,$0.00,-,TRUE,FALSE,FALSE,FALSE,FALSE,FALSE,FALSE,,
TRUE,Ideas,21108,Ghostbusters Ecto-1,2014,4,440,$49.99,$0.11,$12.50,FALSE,FALSE,FALSE,FALSE,TRUE,FALSE,FALSE,,
TRUE,Ideas,21319,FRIENDS Central Perk,2019,7,1042,$59.99,$0.06,$8.57,FALSE,FALSE,FALSE,FALSE,TRUE,FALSE,FALSE,,
TRUE,Ideas,21328,Seinfeld,2021,5,1306,$79.99,$0.06,$16.00,FALSE,FALSE,FALSE,FALSE,TRUE,FALSE,FALSE,,
TRUE,Ideas,40448,Vintage Car,2021,2,181,$0.00,$0.00,$0.00,TRUE,TRUE,TRUE,FALSE,FALSE,FALSE,FALSE,,
FALSE,Indiana Jones,7195,Ambush in Cairo,2009,4,63,$10.99,$0.17,$2.75,FALSE,FALSE,FALSE,FALSE,TRUE,FALSE,FALSE,,
FALSE,Indiana Jones,7196,Chauchilla Cemetery Battle,2009,5,163,$19.99,$0.12,$4.00,FALSE,FALSE,FALSE,FALSE,TRUE,FALSE,FALSE,,
FALSE,Indiana Jones,7198,Fighter Plane Attack,2009,3,371,$49.99,$0.13,$16.66,TRUE,FALSE,FALSE,FALSE,FALSE,FALSE,FALSE,,
FALSE,Indiana Jones,7682,Shanghai Chase,2009,5,223,$29.99,$0.13,$6.00,TRUE,FALSE,FALSE,FALSE,FALSE,FALSE,FALSE,,
FALSE,Indiana Jones,7199,The Temple of Doom,2009,6,626,$89.99,$0.14,$15.00,TRUE,FALSE,FALSE,FALSE,FALSE,FALSE,FALSE,,
FALSE,Indiana Jones,77012,Fighter Plane Chase,2023,3,374,$34.99,$0.09,$11.66,TRUE,TRUE,TRUE,TRUE,FALSE,FALSE,FALSE,,
FALSE,Juniors,10672,Batman: Defemd the Batcave,2014,3,136,$29.99,$0.22,$10.00,FALSE,FALSE,FALSE,FALSE,TRUE,FALSE,FALSE,,
FALSE,Jurassic World,75916,Diloposaurus Ambush,2015,2,240,$29.99,$0.12,$15.00,TRUE,FALSE,FALSE,FALSE,FALSE,FALSE,FALSE,,
FALSE,Jurassic World,75932,Jurrassic Park Velociraptor Chase,2018,4,337,$39.99,$0.12,$10.00,FALSE,FALSE,FALSE,FALSE,TRUE,FALSE,FALSE,,
FALSE,Jurassic World,75926,Pteranodon Chase,2018,2,133,$19.99,$0.15,$10.00,FALSE,FALSE,FALSE,FALSE,TRUE,FALSE,FALSE,,
TRUE,Lego Brand,40574,LEGO Brand Store,2022,2,533,$36.99,$0.07,$18.50,TRUE,FALSE,FALSE,TRUE,FALSE,FALSE,FALSE,,
FALSE,Marvel,6868,Hulk's Helicarrier Breakout ,2012,4,368,$49.99,$0.14,$12.50,FALSE,FALSE,FALSE,FALSE,TRUE,FALSE,FALSE,,
FALSE,Marvel,6867,Loki's Cosmic Cube Escape,2012,3,165,$19.99,$0.12,$6.66,FALSE,FALSE,FALSE,FALSE,TRUE,FALSE,FALSE,,
FALSE,Marvel,6866,Wolverine's Chopper Showdown,2012,3,187,$19.99,$0.11,$6.66,FALSE,FALSE,FALSE,FALSE,TRUE,FALSE,FALSE,,
FALSE,Marvel,30168,Gun Mounting System Polybag ,2013,1,10,$0.00,$0.00,$0.00,FALSE,FALSE,FALSE,FALSE,TRUE,FALSE,FALSE,,
FALSE,Marvel,76008,Iron Man vs. The Mandarin: Ultimate Showdown,2013,2,79,$12.99,$0.16,$6.50,FALSE,FALSE,FALSE,FALSE,TRUE,FALSE,FALSE,,
FALSE,Marvel,76007,Iron Man: Malibu Mansion Attack,2013,5,339,$39.99,$0.12,$8.00,TRUE,FALSE,FALSE,FALSE,FALSE,FALSE,FALSE,,
FALSE,Marvel,76004,Spider-Man: Spider-Cycle Chase,2013,3,222,$19.99,$0.09,$6.66,TRUE,FALSE,FALSE,FALSE,TRUE,FALSE,FALSE,,
FALSE,Marvel,76017,Captain America vs. Hydra,2014,3,163,$19.99,$0.12,$6.66,FALSE,FALSE,FALSE,FALSE,TRUE,FALSE,FALSE,,
FALSE,Marvel,76015,Doc Ock Truck Heist,2014,3,204,$19.99,$0.10,$6.66,FALSE,FALSE,FALSE,FALSE,TRUE,FALSE,FALSE,,
FALSE,Marvel,76014,Spider-Trike vs. Electro,2014,2,64,$12.99,$0.20,$6.50,FALSE,FALSE,FALSE,FALSE,TRUE,FALSE,FALSE,,
FALSE,Marvel,76019,Starblaster Showdown,2014,3,182,$19.99,$0.11,$6.66,FALSE,FALSE,FALSE,FALSE,TRUE,FALSE,FALSE,,
FALSE,Marvel,76022,X-Men vs. The Sentinel ,2014,4,319,$49.99,$0.16,$12.50,FALSE,FALSE,FALSE,FALSE,TRUE,FALSE,FALSE,,
FALSE,Marvel,76039,Ant-Man Final Battle,2015,3,152,$19.99,$0.13,$6.66,FALSE,FALSE,FALSE,FALSE,TRUE,FALSE,FALSE,,
FALSE,Marvel,76030,Avengers Hydra Showdown,2015,3,207,$19.99,$0.10,$6.66,FALSE,FALSE,FALSE,FALSE,TRUE,FALSE,FALSE,,
FALSE,Marvel,76036,Carnage's SHIELD Sky Attack,2015,3,81,$12.99,$0.16,$4.33,FALSE,FALSE,FALSE,FALSE,TRUE,FALSE,FALSE,,
FALSE,Marvel,76037,Rhino and Sandman Super Villian Team-up,2015,4,367,$39.99,$0.11,$10.00,FALSE,FALSE,FALSE,FALSE,TRUE,FALSE,FALSE,,
FALSE,Marvel,76031,The Hulk Buster Smash,2015,4,224,$29.99,$0.13,$7.50,FALSE,FALSE,FALSE,FALSE,TRUE,FALSE,FALSE,,
FALSE,Marvel,76047,Black Panther Pursuit,2016,3,275,$29.99,$0.11,$10.00,FALSE,FALSE,FALSE,FALSE,TRUE,FALSE,FALSE,,
FALSE,Marvel,30447,Captain America's Motorcycle Polybag,2016,1,22,$0.00,$0.00,$0.00,TRUE,FALSE,FALSE,FALSE,FALSE,FALSE,FALSE,,
FALSE,Marvel,76050,Crossbone's Hazard Heist,2016,3,165,$19.99,$0.12,$6.66,FALSE,FALSE,FALSE,FALSE,TRUE,FALSE,FALSE,,
FALSE,Marvel,76060,Doctor Strange's Sanctum Sanctorum,2016,3,346,$29.99,$0.09,$10.00,FALSE,FALSE,FALSE,FALSE,TRUE,FALSE,FALSE,,
FALSE,Marvel,76066,Mighty Micros: Hulk vs. Ultron,2016,2,72,$9.99,$0.14,$5.00,FALSE,FALSE,FALSE,FALSE,TRUE,FALSE,FALSE,,
FALSE,Marvel,76059,Spider-Man: Doc Ock's Tentacle Trap,2016,5,425,$39.99,$0.09,$8.00,FALSE,FALSE,FALSE,FALSE,TRUE,FALSE,FALSE,,
FALSE,Marvel,76058,Spider-Man: Ghost Rider Team-up,2016,3,206,$19.99,$0.10,$6.66,FALSE,FALSE,FALSE,FALSE,TRUE,FALSE,FALSE,,
FALSE,Marvel,76067,Tanker Truck Takedown,2016,4,316,$29.99,$0.09,$7.50,TRUE,FALSE,FALSE,FALSE,TRUE,FALSE,FALSE,,
FALSE,Marvel,76082,ATM Heist Battle,2017,3,174,$19.99,$0.11,$6.66,FALSE,FALSE,FALSE,FALSE,TRUE,FALSE,FALSE,,
FALSE,Marvel,76080,Ayesha's Revenge ,2017,4,307,$29.99,$0.10,$7.50,FALSE,FALSE,FALSE,FALSE,TRUE,FALSE,FALSE,,
FALSE,Marvel,76083,Beware the Vulture,2017,4,357,$39.99,$0.11,$10.00,FALSE,FALSE,FALSE,FALSE,TRUE,FALSE,FALSE,,
FALSE,Marvel,76076,Captain America Jet Pursuit,2017,3,146,$19.99,$0.14,$6.66,FALSE,FALSE,FALSE,FALSE,TRUE,FALSE,FALSE,,
FALSE,Marvel,76077,Iron Man: Detroit Steel Strikes,2017,3,363,$29.99,$0.08,$10.00,FALSE,FALSE,FALSE,FALSE,TRUE,FALSE,FALSE,,
FALSE,Marvel,76072,Mighty Micros: Iron Man vs. Thanos,2017,2,84,$9.99,$0.12,$5.00,FALSE,FALSE,FALSE,FALSE,TRUE,FALSE,FALSE,,
FALSE,Marvel,76079,Ravager Attack,2017,3,184,$19.99,$0.11,$6.66,FALSE,FALSE,FALSE,FALSE,TRUE,FALSE,FALSE,,
FALSE,Marvel,30449,The Milano Polybag,2017,0,64,$4.99,$0.08,-,TRUE,FALSE,FALSE,FALSE,FALSE,FALSE,FALSE,,
FALSE,Marvel,76084,The Ultimate Battle for Asgard,2017,6,369,$49.99,$0.14,$8.33,FALSE,FALSE,FALSE,FALSE,TRUE,FALSE,FALSE,,
FALSE,Marvel,76088,Thor vs. Hulk: Arena Clash,2017,5,468,$59.99,$0.13,$12.00,FALSE,FALSE,FALSE,FALSE,TRUE,FALSE,FALSE,,
FALSE,Marvel,76103,Corvus Glaive Thresher Attack,2018,5,391,$39.99,$0.10,$8.00,FALSE,FALSE,FALSE,FALSE,TRUE,FALSE,FALSE,,
FALSE,Marvel,76089,Mighty Micros: Scarlet Spider vs. Sandman,2018,2,82,$9.99,$0.12,$5.00,FALSE,FALSE,FALSE,FALSE,TRUE,FALSE,FALSE,,
FALSE,Marvel,76090,Mighty Micros: Star-Lord vs. Nebula,2018,2,79,$9.99,$0.13,$5.00,FALSE,FALSE,FALSE,FALSE,TRUE,FALSE,FALSE,,
FALSE,Marvel,76101,Outrider Dropship,2018,4,100,$14.99,$0.15,$3.75,FALSE,FALSE,FALSE,FALSE,TRUE,FALSE,FALSE,,
FALSE,Marvel,76109,Quantum Realm Explorers,2018,3,187,$19.99,$0.11,$6.66,FALSE,FALSE,FALSE,FALSE,TRUE,FALSE,FALSE,,
FALSE,Marvel,30450,Royal Talon Fighter Polybag,2018,0,59,$3.99,$0.07,-,FALSE,FALSE,FALSE,FALSE,TRUE,FALSE,FALSE,,
FALSE,Marvel,76107,Thanos: Ultimate Battle,2018,4,630,$69.99,$0.11,$17.50,FALSE,FALSE,FALSE,FALSE,TRUE,FALSE,FALSE,,
FALSE,Marvel,76104,The Hulkbuster Smash-Up,2018,4,354,$29.99,$0.08,$7.50,FALSE,FALSE,FALSE,FALSE,TRUE,FALSE,FALSE,,
FALSE,Marvel,76102,Thor's Weapon Quest ,2018,3,212,$19.99,$0.09,$6.66,FALSE,FALSE,FALSE,FALSE,TRUE,FALSE,FALSE,,
FALSE,Marvel,76113,Spider-Man Bike Rescue,2019,3,205,$19.99,$0.10,$6.66,FALSE,FALSE,FALSE,FALSE,TRUE,FALSE,FALSE,,
FALSE,Marvel,76133,Spider-Man Car Chase,2019,2,45,$9.99,$0.22,$5.00,FALSE,FALSE,FALSE,FALSE,TRUE,FALSE,FALSE,,
FALSE,Marvel,76114,Spider-Man's Spider Crawler,2019,4,404,$39.99,$0.10,$10.00,FALSE,FALSE,FALSE,FALSE,TRUE,FALSE,FALSE,,
FALSE,Marvel,76145,Eternal's Aerial Assault,2021,2,125,$9.99,$0.08,$5.00,FALSE,FALSE,FALSE,FALSE,TRUE,FALSE,FALSE,,
FALSE,Marvel,76191,Infinity Gauntlet,2021,0,590,$79.99,$0.14,-,FALSE,FALSE,FALSE,FALSE,TRUE,FALSE,FALSE,,
FALSE,Marvel,76171,Miles Morales Mech Armor,2021,1,121,$9.99,$0.08,$9.99,TRUE,FALSE,FALSE,FALSE,FALSE,FALSE,FALSE,,
FALSE,Marvel,76261,Spider-Man Final Battle,2023,9,834,$109.99,$0.13,$12.22,FALSE,FALSE,FALSE,FALSE,TRUE,FALSE,FALSE,,
FALSE,Marvel,76280,Spider-Man vs. Sandman: Final Battle,2024,3,327,$37.99,$0.12,$12.66,FALSE,FALSE,FALSE,FALSE,TRUE,FALSE,FALSE,,
FALSE,Minecraft,21166,"The ""Abandoned"" Mine",2020,2,242,$19.99,$0.08,$10.00,TRUE,TRUE,TRUE,TRUE,FALSE,FALSE,FALSE,,
FALSE,Minecraft,21170,The Pig House,2021,2,483,$49.99,$0.10,$25.00,TRUE,FALSE,FALSE,FALSE,FALSE,FALSE,FALSE,,
FALSE,Minecraft,21177,The Creeper Ambush,2022,2,65,$9.99,$0.15,$5.00,TRUE,FALSE,FALSE,FALSE,FALSE,FALSE,FALSE,,
FALSE,Minecraft,21178,The Fox Lodge,2022,2,187,$19.99,$0.11,$10.00,TRUE,FALSE,FALSE,FALSE,FALSE,FALSE,FALSE,,
FALSE,Minecraft,21179,The Mushroom House,2022,2,262,$24.99,$0.10,$12.50,TRUE,FALSE,FALSE,FALSE,FALSE,FALSE,FALSE,,
FALSE,Minecraft,21252,The Armory,2023,2,196,$19.99,$0.10,$10.00,TRUE,TRUE,TRUE,TRUE,FALSE,FALSE,FALSE,,
FALSE,Minecraft,21241,The Bee Cottage,2023,2,249,$24.99,$0.10,$12.50,TRUE,FALSE,FALSE,FALSE,FALSE,FALSE,FALSE,,
FALSE,Minecraft,21240,The Swamp Adventure,2023,2,59,$9.99,$0.17,$5.00,TRUE,FALSE,FALSE,FALSE,FALSE,FALSE,FALSE,,
FALSE,Minecraft,21244,The Sword Outpost,2023,5,403,$44.99,$0.11,$9.00,TRUE,TRUE,TRUE,TRUE,FALSE,FALSE,FALSE,,
FALSE,Minecraft,21281,Baby Pig's Birthday Celebration,2024,0,351,$19.99,$0.06,-,TRUE,TRUE,TRUE,TRUE,FALSE,FALSE,FALSE,,
FALSE,Minecraft,30672,Steve and Baby Panda Polybag,2024,1,32,$4.99,$0.16,$4.99,TRUE,TRUE,TRUE,TRUE,FALSE,FALSE,FALSE,,
FALSE,Minecraft,21265,The Crafting Table,2024,6,1179,$89.99,$0.08,$15.00,TRUE,TRUE,TRUE,TRUE,FALSE,FALSE,FALSE,,
FALSE,Minecraft,21268,The Baby Pig House,2025,2,232,$19.99,$0.09,$10.00,TRUE,TRUE,TRUE,TRUE,FALSE,FALSE,FALSE,,
FALSE,Minecraft,21266,The Nether Lava Battle,2025,3,74,$9.99,$0.14,$3.33,TRUE,TRUE,TRUE,TRUE,FALSE,FALSE,FALSE,,
TRUE,Minifigures,40649,Up-Scaled LEGO Minifigure,2023,1,650,$54.99,$0.08,$54.99,TRUE,TRUE,TRUE,TRUE,FALSE,FALSE,FALSE,,
TRUE,Monster Fighters,9462,The Mummy,2012,2,83,$11.99,$0.14,$6.00,FALSE,FALSE,FALSE,FALSE,TRUE,FALSE,FALSE,,
TRUE,Monster Fighters,9461,The Swamp Creature,2012,2,64,$6.99,$0.11,$3.50,FALSE,FALSE,FALSE,FALSE,TRUE,FALSE,FALSE,,
TRUE,Ninjago,2509,Earth Dragon Defense,2011,2,215,$34.99,$0.16,$17.50,TRUE,FALSE,FALSE,FALSE,FALSE,FALSE,FALSE,,
TRUE,Ninjago,2258,Ninja Ambush,2011,2,61,$6.99,$0.11,$3.50,TRUE,FALSE,FALSE,FALSE,FALSE,FALSE,FALSE,,
TRUE,Ninjago,2516,Ninja Training Outpost,2011,1,41,$4.99,$0.12,$4.99,TRUE,FALSE,FALSE,FALSE,FALSE,FALSE,FALSE,,
TRUE,Ninjago,2518,Nuckal's ATV,2011,2,163,$24.99,$0.15,$12.50,TRUE,FALSE,FALSE,FALSE,FALSE,FALSE,FALSE,,
TRUE,Ninjago,2259,Skull Motorbike,2011,2,145,$14.99,$0.10,$7.50,TRUE,FALSE,FALSE,FALSE,FALSE,FALSE,FALSE,,
TRUE,Ninjago,2257,Spinjitzu Starter Set Blister Pack,2011,2,36,$19.99,$0.56,$10.00,TRUE,FALSE,FALSE,FALSE,FALSE,FALSE,FALSE,,
TRUE,Ninjago,30087,Car Polybag,2012,1,23,$4.99,$0.22,$4.99,TRUE,FALSE,FALSE,FALSE,FALSE,FALSE,FALSE,,
TRUE,Ninjago,30085,Jumping Snakes Polybag,2012,1,38,$4.99,$0.13,$4.99,TRUE,FALSE,FALSE,FALSE,FALSE,FALSE,FALSE,,
TRUE,Ninjago,9441,Kai's Blade Cycle,2012,2,179,$14.99,$0.08,$7.50,TRUE,FALSE,FALSE,FALSE,FALSE,FALSE,FALSE,,
TRUE,Ninjago,9443,Rattlecopter,2012,3,304,$29.99,$0.10,$10.00,TRUE,FALSE,FALSE,FALSE,FALSE,FALSE,FALSE,,
TRUE,Ninjago,9440,Venomari Shrine,2012,1,81,$6.99,$0.09,$6.99,TRUE,FALSE,FALSE,FALSE,FALSE,FALSE,FALSE,,
TRUE,Ninjago,70502,Cole's Earth Driller,2013,2,162,$19.99,$0.12,$10.00,TRUE,FALSE,FALSE,FALSE,FALSE,FALSE,FALSE,,
TRUE,Ninjago,70500,Kai's Fire Mech,2013,2,93,$9.99,$0.11,$5.00,TRUE,FALSE,FALSE,FALSE,FALSE,FALSE,FALSE,,
TRUE,Ninjago,70720,Hover Hunter,2014,2,71,$11.99,$0.17,$6.00,TRUE,FALSE,FALSE,FALSE,FALSE,FALSE,FALSE,,
TRUE,Ninjago,70722,OverBorg Attack,2014,2,197,$19.99,$0.10,$10.00,TRUE,FALSE,FALSE,FALSE,FALSE,FALSE,FALSE,,
TRUE,Ninjago,30292,Jay NanoMech Polybag,2015,1,49,$4.99,$0.10,$4.99,TRUE,FALSE,FALSE,FALSE,FALSE,FALSE,FALSE,,
TRUE,Ninjago,70752,Jungle Trap,2015,2,49,$6.99,$0.14,$3.50,TRUE,FALSE,FALSE,FALSE,FALSE,FALSE,FALSE,,
FALSE,Overwatch,75972,Dorado Showdown,2019,3,405,$29.99,$0.07,$10.00,FALSE,FALSE,FALSE,FALSE,TRUE,FALSE,FALSE,,
TRUE,Pharoh Quest,7305,Scarab Attack,2011,1,40,$4.99,$0.12,$4.99,TRUE,FALSE,FALSE,FALSE,FALSE,FALSE,FALSE,,
TRUE,Pirates,8397,Pirate Survival,2009,1,12,$3.49,$0.29,$3.49,FALSE,FALSE,FALSE,FALSE,TRUE,FALSE,FALSE,,
FALSE,Pirates of the Carribean,4192,Fountain of Youth,2011,4,108,$19.99,$0.19,$5.00,FALSE,FALSE,FALSE,FALSE,TRUE,FALSE,FALSE,,
FALSE,Pirates of the Carribean,4181,Isla De Muerta,2011,4,139,$19.99,$0.14,$5.00,FALSE,FALSE,FALSE,FALSE,TRUE,FALSE,FALSE,,
FALSE,Pirates of the Carribean,4182,The Cannibal Escape,2011,4,261,$29.99,$0.11,$7.50,FALSE,FALSE,FALSE,FALSE,TRUE,FALSE,FALSE,,
TRUE,Power Miners,8958,Granite Grinder,2009,2,89,$9.99,$0.11,$5.00,TRUE,FALSE,FALSE,FALSE,FALSE,FALSE,FALSE,,
TRUE,Power Miners,8188,Fire Blaster,2010,2,61,$9.99,$0.16,$5.00,TRUE,FALSE,FALSE,FALSE,FALSE,FALSE,FALSE,,
FALSE,Prince of Persia,7573,Battle of Alamut,2010,7,793,$79.99,$0.10,$11.43,TRUE,FALSE,FALSE,FALSE,FALSE,FALSE,FALSE,,
FALSE,Prince of Persia,20017,Dagger Trap Polybag,2010,1,48,$0.00,$0.00,$0.00,TRUE,FALSE,FALSE,FALSE,FALSE,FALSE,FALSE,,
FALSE,Prince of Persia,7569,Desert Attack,2010,4,37,$10.99,$0.30,$2.75,TRUE,FALSE,FALSE,FALSE,FALSE,FALSE,FALSE,,
FALSE,Prince of Persia,7572,Quest Against Time,2010,4,488,$49.99,$0.10,$12.50,TRUE,FALSE,FALSE,FALSE,FALSE,FALSE,FALSE,,
FALSE,Prince of Persia,7571,The Fight for the Dagger,2010,4,238,$29.99,$0.13,$7.50,TRUE,FALSE,FALSE,FALSE,FALSE,FALSE,FALSE,,
FALSE,Scooby Doo,75903,Haunted Lighthouse,2015,4,421,$49.99,$0.12,$12.50,FALSE,FALSE,FALSE,FALSE,FALSE,TRUE,FALSE,,
FALSE,Scooby Doo,75900,Mummy Museum Mystery,2015,2,102,$14.99,$0.15,$7.50,FALSE,FALSE,FALSE,FALSE,FALSE,TRUE,FALSE,,
FALSE,Scooby Doo,75902,The Mystery Machine,2015,3,290,$29.99,$0.10,$10.00,FALSE,FALSE,FALSE,FALSE,FALSE,TRUE,FALSE,,
TRUE,Space Police III,5970,Freeze Ray Frenzy,2009,2,71,$9.99,$0.14,$5.00,TRUE,FALSE,FALSE,FALSE,FALSE,FALSE,FALSE,,
TRUE,Space Police III,5971,Gold Heist,2009,2,195,$19.99,$0.10,$10.00,TRUE,FALSE,FALSE,FALSE,FALSE,FALSE,FALSE,,
TRUE,Space Police III,8399,K-9 Bot,2009,1,16,$3.49,$0.22,$3.49,TRUE,FALSE,FALSE,FALSE,FALSE,FALSE,FALSE,,
TRUE,Space Police III,8400,Space Speeder,2009,1,10,$3.49,$0.35,$3.49,TRUE,FALSE,FALSE,FALSE,FALSE,FALSE,FALSE,,
TRUE,Space Police III,5972,Space Truck Getaway,2009,2,271,$29.99,$0.11,$15.00,TRUE,FALSE,FALSE,FALSE,FALSE,FALSE,FALSE,,
TRUE,Space Police III,5969,Squidman Escape,2009,2,33,$5.99,$0.18,$3.00,TRUE,FALSE,FALSE,FALSE,FALSE,FALSE,FALSE,,
FALSE,Speed Champions,76911,007 Aston Martin DB5,2022,1,294,$19.99,$0.07,$19.99,FALSE,FALSE,FALSE,FALSE,FALSE,FALSE,TRUE,,
FALSE,Spongebob,3816,Glove World,2011,4,154,$19.99,$0.13,$5.00,TRUE,FALSE,FALSE,FALSE,FALSE,FALSE,FALSE,,
FALSE,Spongebob,3815,Heroic Heroes of the Deep,2011,3,77,$14.99,$0.19,$5.00,TRUE,FALSE,FALSE,FALSE,FALSE,FALSE,FALSE,,
FALSE,Spongebob,3817,The Flying Dutchman,2012,3,229,$24.99,$0.11,$8.33,TRUE,FALSE,FALSE,FALSE,FALSE,FALSE,FALSE,,
FALSE,Star Wars,7669,Anakin's Jedi Starfighter,2008,2,145,$19.99,$0.14,$10.00,TRUE,FALSE,FALSE,FALSE,FALSE,FALSE,FALSE,,
FALSE,Star Wars,7670,Hailfire Droid & Spider Droid,2008,5,192,$19.99,$0.10,$4.00,TRUE,FALSE,FALSE,FALSE,FALSE,FALSE,FALSE,,
FALSE,Star Wars,7667,Imperial Dropship,2008,4,65,$9.99,$0.15,$2.50,TRUE,FALSE,FALSE,FALSE,FALSE,FALSE,FALSE,,
FALSE,Star Wars,8018,Armored Assault Tank,2009,7,378,$49.99,$0.13,$7.14,TRUE,FALSE,FALSE,FALSE,FALSE,FALSE,FALSE,,
FALSE,Star Wars,8014,Clone Wars Battle Pack,2009,4,61,$11.99,$0.20,$3.00,TRUE,TRUE,FALSE,FALSE,FALSE,FALSE,FALSE,,
FALSE,Star Wars,7748,Corporate Alliance Tank Droid,2009,4,196,$24.99,$0.13,$6.25,TRUE,FALSE,FALSE,FALSE,FALSE,FALSE,FALSE,,
FALSE,Star Wars,7749,Echo Base,2009,5,131,$24.99,$0.19,$5.00,TRUE,FALSE,FALSE,FALSE,FALSE,FALSE,FALSE,,
FALSE,Star Wars,8036,Separatist Shuttle,2009,5,237,$29.99,$0.13,$6.00,TRUE,FALSE,FALSE,FALSE,FALSE,FALSE,FALSE,,
FALSE,Star Wars,8038,The Battle of Endor,2009,12,842,$99.99,$0.12,$8.33,TRUE,FALSE,FALSE,FALSE,FALSE,FALSE,FALSE,,
FALSE,Star Wars,8039,Venator-Class Republic Attack Cruiser,2009,5,1148,$119.99,$0.10,$24.00,TRUE,FALSE,FALSE,FALSE,FALSE,FALSE,FALSE,,
FALSE,Star Wars,8098,Clone Turbo Tank,2010,6,1121,$119.99,$0.11,$20.00,TRUE,FALSE,FALSE,FALSE,FALSE,FALSE,FALSE,,
FALSE,Star Wars,8086,Droid Tri-Fighter,2010,3,247,$24.99,$0.10,$8.33,TRUE,FALSE,FALSE,FALSE,FALSE,FALSE,FALSE,,
FALSE,Star Wars,8085,Freeco Speeder,2010,2,170,$24.99,$0.15,$12.50,TRUE,FALSE,FALSE,FALSE,FALSE,FALSE,FALSE,,
FALSE,Star Wars,8095,General Grievous's Starfighter,2010,3,425,$49.99,$0.12,$16.66,TRUE,FALSE,FALSE,FALSE,FALSE,FALSE,FALSE,,
FALSE,Star Wars,8089,Hoth Wampa Cave,2010,3,282,$39.99,$0.14,$13.33,TRUE,FALSE,FALSE,FALSE,FALSE,FALSE,FALSE,,
FALSE,Star Wars,8092,Luke's Landspeeder,2010,6,129,$24.99,$0.19,$4.17,TRUE,FALSE,FALSE,FALSE,FALSE,FALSE,FALSE,,
FALSE,Star Wars,8083,Rebel Trooper Battle Pack,2010,4,57,$11.99,$0.21,$3.00,TRUE,FALSE,FALSE,FALSE,FALSE,FALSE,FALSE,,
FALSE,Star Wars,7914,Mandalorian Battle Pack,2011,4,48,$12.99,$0.27,$3.25,TRUE,FALSE,FALSE,FALSE,FALSE,FALSE,FALSE,,
FALSE,Star Wars,7957,Sith Nightspeeder,2011,3,202,$24.99,$0.12,$8.33,TRUE,FALSE,FALSE,FALSE,FALSE,FALSE,FALSE,,
FALSE,Star Wars,9496,Desert Skiff,2012,4,201,$24.99,$0.12,$6.25,TRUE,FALSE,FALSE,FALSE,FALSE,FALSE,FALSE,,
FALSE,Star Wars,9489,Endor Rebel Trooper & Imperial Trooper Battle Pack,2012,4,61,$12.99,$0.21,$3.25,TRUE,FALSE,FALSE,FALSE,FALSE,FALSE,FALSE,,
FALSE,Star Wars,9674,Naboo Starfighter & Naboo,2012,1,51,$9.99,$0.20,$9.99,TRUE,FALSE,FALSE,FALSE,FALSE,FALSE,FALSE,,
FALSE,Star Wars,9675,Sebulba's Podracer & Tatooine,2012,1,77,$9.99,$0.13,$9.99,TRUE,FALSE,FALSE,FALSE,FALSE,FALSE,FALSE,,
FALSE,Star Wars,75035,Kashyyyk Troopers,2014,4,83,$12.99,$0.16,$3.25,TRUE,FALSE,FALSE,FALSE,FALSE,FALSE,FALSE,,
FALSE,Star Wars,75083,AT-DP,2015,4,484,$49.99,$0.10,$12.50,TRUE,TRUE,TRUE,FALSE,FALSE,FALSE,FALSE,,
FALSE,Star Wars,75089,Geonosis Troopers,2015,4,89,$12.99,$0.15,$3.25,TRUE,TRUE,TRUE,FALSE,FALSE,FALSE,FALSE,,
FALSE,Star Wars,75078,Imperial Troop Transport,2015,4,125,$12.99,$0.10,$3.25,TRUE,FALSE,FALSE,FALSE,FALSE,FALSE,FALSE,,
FALSE,Star Wars,75092,Naboo Starfighter,2015,9,349,$49.99,$0.14,$5.55,TRUE,FALSE,FALSE,FALSE,FALSE,FALSE,FALSE,,
FALSE,Star Wars,75099,Rey's Speeder,2015,2,185,$19.99,$0.11,$10.00,TRUE,FALSE,FALSE,FALSE,FALSE,FALSE,FALSE,,
FALSE,Star Wars,75088,Senate Commando Troopers,2015,4,90,$12.99,$0.14,$3.25,TRUE,FALSE,FALSE,FALSE,FALSE,FALSE,FALSE,,
FALSE,Star Wars,75074,Snowspeeder,2015,1,93,$9.99,$0.11,$9.99,TRUE,FALSE,FALSE,FALSE,FALSE,FALSE,FALSE,,
FALSE,Star Wars,30275,TIE Advanced Prototype - Mini Polybag,2015,0,47,$4.99,$0.11,-,TRUE,FALSE,FALSE,FALSE,FALSE,FALSE,FALSE,,
FALSE,Star Wars,75130,AT-DP,2016,1,72,$9.99,$0.14,$9.99,TRUE,FALSE,FALSE,FALSE,FALSE,FALSE,FALSE,,
FALSE,Star Wars,75137,Carbon-Freezing Chamber,2016,3,224,$24.99,$0.11,$8.33,TRUE,FALSE,FALSE,FALSE,FALSE,FALSE,FALSE,,
FALSE,Star Wars,75132,First Order Battle Pack,2016,4,72,$12.99,$0.18,$3.25,TRUE,FALSE,FALSE,FALSE,FALSE,FALSE,FALSE,,
FALSE,Star Wars,75138,Hoth Attack,2016,4,193,$24.99,$0.13,$6.25,TRUE,FALSE,FALSE,FALSE,FALSE,FALSE,FALSE,,
FALSE,Star Wars,75152,Imperial Assault Hovertank,2016,3,370,$29.99,$0.08,$10.00,TRUE,FALSE,FALSE,FALSE,FALSE,FALSE,FALSE,,
FALSE,Star Wars,30279,Kylo Ren's Command Shuttle - Mini Polybag,2016,0,43,$4.99,$0.12,-,TRUE,FALSE,FALSE,FALSE,FALSE,FALSE,FALSE,,
FALSE,Star Wars,75135,Obi-Wan's Jedi Interceptor,2016,2,207,$24.99,$0.12,$12.50,TRUE,FALSE,FALSE,FALSE,FALSE,FALSE,FALSE,,
FALSE,Star Wars,75131,Resistance Trooper Battle Pack,2016,4,93,$12.99,$0.14,$3.25,TRUE,FALSE,FALSE,FALSE,FALSE,FALSE,FALSE,,
FALSE,Star Wars,75127,The Ghost,2016,1,100,$9.99,$0.10,$9.99,TRUE,FALSE,FALSE,FALSE,FALSE,FALSE,FALSE,,
FALSE,Star Wars,75128,TIE Advanced Prototype,2016,1,89,$9.99,$0.11,$9.99,TRUE,FALSE,FALSE,FALSE,FALSE,FALSE,FALSE,,
FALSE,Star Wars,75129,Wookiee Gunship,2016,1,81,$9.99,$0.12,$9.99,TRUE,FALSE,FALSE,FALSE,FALSE,FALSE,FALSE,,
FALSE,Star Wars,75169,Duel on Naboo,2017,3,196,$24.99,$0.13,$8.33,TRUE,FALSE,FALSE,FALSE,FALSE,FALSE,FALSE,,
FALSE,Star Wars,75173,Luke's Landspeeder,2017,4,135,$19.99,$0.15,$5.00,TRUE,FALSE,FALSE,FALSE,FALSE,FALSE,FALSE,,
FALSE,Star Wars,75170,The Phantom,2017,3,256,$29.99,$0.12,$10.00,TRUE,TRUE,TRUE,FALSE,FALSE,FALSE,FALSE,,
FALSE,Star Wars,75160,U-Wing Microfighter,2017,1,105,$9.99,$0.10,$9.99,TRUE,FALSE,FALSE,FALSE,FALSE,FALSE,FALSE,,
FALSE,Star Wars,75214,Anakin's Jedi Starfighter,2018,2,239,$19.99,$0.08,$10.00,TRUE,TRUE,TRUE,FALSE,FALSE,FALSE,FALSE,,
FALSE,Star Wars,5005376,Darth Vader Polybag,2018,1,30,$29.99,$1.00,$29.99,TRUE,FALSE,FALSE,FALSE,FALSE,FALSE,FALSE,,
FALSE,Star Wars,40298,DJ Poloybag,2018,1,18,$0.00,$0.00,$0.00,FALSE,FALSE,FALSE,FALSE,TRUE,FALSE,FALSE,,
FALSE,Star Wars,75197,First Order Specialist Battle Pack,2018,4,92,$14.99,$0.16,$3.75,TRUE,FALSE,FALSE,FALSE,FALSE,FALSE,FALSE,,
FALSE,Star Wars,75207,Imperial Patrol Battle Pack,2018,4,83,$14.99,$0.18,$3.75,TRUE,FALSE,FALSE,FALSE,FALSE,FALSE,FALSE,,
FALSE,Star Wars,75206,Jedi and Clone Troopers Battle Pack,2018,4,85,$14.99,$0.18,$3.75,TRUE,FALSE,FALSE,FALSE,FALSE,FALSE,FALSE,,
FALSE,Star Wars,75193,Millennium Falcon Microfighter,2018,1,89,$9.99,$0.11,$9.99,TRUE,FALSE,FALSE,FALSE,FALSE,FALSE,FALSE,,
FALSE,Star Wars,75208,Yoda's Hut,2018,3,216,$29.99,$0.14,$10.00,TRUE,FALSE,FALSE,FALSE,FALSE,FALSE,FALSE,,
FALSE,Star Wars,75258,Anakin's Podracer - 20th Anniversary Edition,2019,3,266,$29.99,$0.11,$10.00,TRUE,TRUE,TRUE,FALSE,FALSE,FALSE,FALSE,,
FALSE,Star Wars,75234,AT-AP Walker,2019,5,668,$59.99,$0.09,$12.00,TRUE,TRUE,TRUE,FALSE,FALSE,FALSE,FALSE,,
FALSE,Star Wars,75254,AT-ST Raider,2019,4,522,$49.99,$0.10,$12.50,TRUE,TRUE,TRUE,FALSE,FALSE,FALSE,FALSE,,
FALSE,Star Wars,75251,Darth Vader's Castle,2019,6,1030,$129.99,$0.13,$21.67,TRUE,TRUE,TRUE,FALSE,FALSE,FALSE,FALSE,,
FALSE,Star Wars,75246,Death Star Cannon,2019,2,150,$19.99,$0.13,$10.00,TRUE,FALSE,FALSE,FALSE,FALSE,FALSE,FALSE,,
FALSE,Star Wars,75236,Duel on Starkiller Base,2019,2,183,$19.99,$0.11,$10.00,FALSE,FALSE,FALSE,FALSE,TRUE,FALSE,FALSE,,
FALSE,Star Wars,75248,Resistance A-Wing Starfighter,2019,2,261,$29.99,$0.11,$15.00,TRUE,TRUE,TRUE,FALSE,FALSE,FALSE,FALSE,,
FALSE,Star Wars,75249,Resistance Y-Wing Starfighter,2019,5,560,$69.99,$0.12,$14.00,TRUE,FALSE,FALSE,FALSE,FALSE,FALSE,FALSE,,
FALSE,Star Wars,30384,Snowspeeder - Mini Polybag,2019,0,49,$4.99,$0.10,-,TRUE,FALSE,FALSE,FALSE,FALSE,FALSE,FALSE,,
FALSE,Star Wars,75280,501st Legion Clone Troopers,2020,6,258,$29.99,$0.12,$5.00,TRUE,FALSE,FALSE,FALSE,FALSE,FALSE,FALSE,,
FALSE,Star Wars,75275,A-Wing Starfighter - UCS,2020,1,1668,$199.99,$0.12,$199.99,TRUE,TRUE,TRUE,FALSE,FALSE,FALSE,FALSE,,
FALSE,Star Wars,75281,Anakin's Jedi Interceptor,2020,2,240,$29.99,$0.12,$15.00,TRUE,FALSE,FALSE,FALSE,FALSE,FALSE,FALSE,,
FALSE,Star Wars,75283,Armored Assault Tank,2020,4,268,$39.99,$0.15,$10.00,TRUE,TRUE,TRUE,FALSE,FALSE,FALSE,FALSE,,
FALSE,Star Wars,75291,Death Star Final Duel,2020,5,750,$99.99,$0.13,$20.00,TRUE,FALSE,FALSE,FALSE,FALSE,FALSE,FALSE,,
FALSE,Star Wars,75269,Duel on Mustafar,2020,2,200,$19.99,$0.10,$10.00,TRUE,FALSE,FALSE,FALSE,FALSE,FALSE,FALSE,,
FALSE,Star Wars,75286,General Grievous's Starfighter,2020,3,470,$79.99,$0.17,$26.66,TRUE,FALSE,FALSE,FALSE,FALSE,FALSE,FALSE,,
FALSE,Star Wars,75284,Knights of Ren Transport Ship,2020,3,583,$69.99,$0.12,$23.33,TRUE,FALSE,FALSE,FALSE,FALSE,FALSE,FALSE,,
FALSE,Star Wars,75271,Luke Skywalker's Landspeeder,2020,3,224,$29.99,$0.13,$10.00,TRUE,FALSE,FALSE,FALSE,FALSE,FALSE,FALSE,,
FALSE,Star Wars,75267,Mandalorian Battle Pack,2020,4,87,$14.99,$0.17,$3.75,TRUE,FALSE,FALSE,FALSE,FALSE,FALSE,FALSE,,
FALSE,Star Wars,75270,Obi-Wan's Hut,2020,4,185,$29.99,$0.16,$7.50,TRUE,FALSE,FALSE,FALSE,FALSE,FALSE,FALSE,,
FALSE,Star Wars,75273,Poe Dameron's X-Wing Fighter,2020,4,744,$89.99,$0.12,$22.50,TRUE,FALSE,FALSE,FALSE,FALSE,FALSE,FALSE,,
FALSE,Star Wars,75266,Sith Troopers Battle Pack,2020,4,85,$14.99,$0.18,$3.75,TRUE,FALSE,FALSE,FALSE,FALSE,FALSE,FALSE,,
FALSE,Star Wars,75276,Stormtrooper Helmet,2020,0,647,$59.99,$0.09,-,TRUE,TRUE,TRUE,FALSE,FALSE,FALSE,FALSE,,
FALSE,Star Wars,75310,Duel on Mandalore,2021,2,139,$19.99,$0.14,$10.00,TRUE,TRUE,TRUE,FALSE,FALSE,FALSE,FALSE,,
FALSE,Star Wars,75311,Imperial Armored Marauder,2021,4,456,$39.99,$0.09,$10.00,TRUE,FALSE,FALSE,FALSE,FALSE,FALSE,FALSE,,
FALSE,Star Wars,75302,Imperial Shuttle,2021,3,646,$69.99,$0.11,$23.33,TRUE,TRUE,TRUE,FALSE,FALSE,FALSE,FALSE,,
FALSE,Star Wars,75300,Imperial TIE Fighter,2021,3,421,$44.99,$0.11,$15.00,TRUE,TRUE,TRUE,TRUE,FALSE,FALSE,FALSE,,
FALSE,Star Wars,75301,Luke Skywalker's X-Wing Fighter,2021,4,458,$49.99,$0.11,$12.50,TRUE,FALSE,FALSE,FALSE,FALSE,FALSE,FALSE,,
FALSE,Star Wars,75316,Mandalorian Starfighter,2021,3,535,$59.99,$0.11,$20.00,TRUE,FALSE,FALSE,FALSE,FALSE,FALSE,FALSE,,
FALSE,Star Wars,75305,Scout Trooper Helmet,2021,0,471,$49.99,$0.11,-,TRUE,TRUE,TRUE,FALSE,FALSE,FALSE,FALSE,,
FALSE,Star Wars,75319,The Armorer's Mandalorian Forge,2021,3,237,$29.99,$0.13,$10.00,TRUE,FALSE,FALSE,FALSE,FALSE,FALSE,FALSE,,
FALSE,Star Wars,75337,AT-TE Walker,2022,9,1015,$139.99,$0.14,$15.55,TRUE,TRUE,FALSE,TRUE,FALSE,FALSE,FALSE,,
FALSE,Star Wars,75330,Dagobah Jedi Training Diorama,2022,3,989,$89.99,$0.09,$30.00,TRUE,FALSE,FALSE,FALSE,FALSE,FALSE,FALSE,,
FALSE,Star Wars,75329,Death Star Trench Run Diorama,2022,0,665,$69.99,$0.11,-,TRUE,TRUE,TRUE,FALSE,FALSE,FALSE,FALSE,,
FALSE,Star Wars,75322,Hoth AT-ST,2022,4,528,$49.99,$0.09,$12.50,TRUE,TRUE,TRUE,FALSE,FALSE,FALSE,FALSE,,
FALSE,Star Wars,75327,Luke Skywalker (Red Five) Helmet,2022,0,675,$69.99,$0.10,-,TRUE,TRUE,TRUE,FALSE,FALSE,FALSE,FALSE,,
FALSE,Star Wars,75333,Obi-Wan Kenobi's Jedi Starfighter,2022,3,271,$29.99,$0.11,$10.00,TRUE,TRUE,TRUE,TRUE,FALSE,FALSE,FALSE,,
FALSE,Star Wars,75342,Republic Fighter Tank ,2022,6,237,$39.99,$0.17,$6.67,TRUE,TRUE,TRUE,FALSE,FALSE,FALSE,FALSE,,
FALSE,Star Wars,75320,Snowtrooper Battle Pack,2022,4,89,$19.99,$0.22,$5.00,TRUE,TRUE,TRUE,FALSE,FALSE,FALSE,FALSE,,
FALSE,Star Wars,75359,332nd Ahsoka's Clone Trooper Battle Pack,2023,4,96,$99.99,$1.04,$25.00,TRUE,TRUE,TRUE,FALSE,FALSE,FALSE,FALSE,,
FALSE,Star Wars,75345,501st Clone Troopers Battle Pack,2023,4,102,$19.99,$0.20,$5.00,TRUE,FALSE,FALSE,FALSE,FALSE,FALSE,FALSE,,
FALSE,Star Wars,75362,Ahsoka Tano's T-6 Jedi Shuttle,2023,4,589,$79.99,$0.14,$20.00,TRUE,TRUE,TRUE,TRUE,FALSE,FALSE,FALSE,,
FALSE,Star Wars,75349,Captain Rex Helmet ,2023,0,854,$69.99,$0.08,-,TRUE,TRUE,TRUE,TRUE,FALSE,FALSE,FALSE,,
FALSE,Star Wars,75350,Clone Commander Cody Helmet,2023,0,766,$69.99,$0.09,-,TRUE,TRUE,TRUE,FALSE,FALSE,FALSE,FALSE,,
FALSE,Star Wars,75354,Coruscant Guard Gunship,2023,5,1069,$139.99,$0.13,$28.00,TRUE,TRUE,TRUE,FALSE,FALSE,FALSE,FALSE,,
FALSE,Star Wars,75352,Emporers' Throne Room Diorama,2023,3,792,$99.99,$0.13,$33.33,TRUE,TRUE,TRUE,TRUE,FALSE,FALSE,FALSE,,
FALSE,Star Wars,75348,Mandalorian Fang Fighter vs TIE Fighter ,2023,4,939,$99.99,$0.11,$25.00,TRUE,TRUE,TRUE,FALSE,FALSE,FALSE,FALSE,,
FALSE,Star Wars,75347,TIE Bomber,2023,4,598,$64.99,$0.11,$16.25,TRUE,TRUE,TRUE,FALSE,FALSE,FALSE,FALSE,,
FALSE,Star Wars,75360,Yoda's Jedi Starfighter,2023,2,246,$34.99,$0.14,$17.50,TRUE,TRUE,TRUE,FALSE,FALSE,FALSE,FALSE,,
FALSE,Star Wars,75373,Ambush on Mandalore Battle Pack,2024,4,92,$19.99,$0.22,$5.00,TRUE,TRUE,TRUE,TRUE,FALSE,FALSE,FALSE,,
FALSE,Star Wars,75387,Boarding the Tantive IV,2024,7,470,$54.99,$0.12,$7.86,TRUE,TRUE,TRUE,TRUE,FALSE,FALSE,FALSE,,
FALSE,Star Wars,75391,Captain Rex Y-Wing Microfighter,2024,1,100,$12.99,$0.13,$12.99,TRUE,TRUE,TRUE,FALSE,FALSE,FALSE,FALSE,,
FALSE,Star Wars,75372,Clone Trooper & Battle Droid Battle Pack,2024,9,176,$29.99,$0.17,$3.33,TRUE,TRUE,TRUE,FALSE,FALSE,FALSE,FALSE,,
FALSE,Star Wars,75381,Droideka,2024,1,553,$64.99,$0.12,$64.99,TRUE,TRUE,TRUE,TRUE,FALSE,FALSE,FALSE,,
FALSE,Star Wars,40755,Imperial Dropship vs. Rebel Scout Speeder,2024,7,352,$39.99,$0.11,$5.71,TRUE,TRUE,TRUE,TRUE,FALSE,FALSE,FALSE,,
FALSE,Star Wars,75394,Imperial Star Destroyer,2024,7,1525,$159.99,$0.10,$22.86,TRUE,TRUE,TRUE,TRUE,FALSE,FALSE,FALSE,,
FALSE,Star Wars,75377,Invisible Hand,2024,0,557,$49.99,$0.09,-,TRUE,TRUE,TRUE,TRUE,FALSE,FALSE,FALSE,,
FALSE,Star Wars,75380,Mos Espa Podrace,2024,0,718,$79.99,$0.11,-,TRUE,TRUE,TRUE,TRUE,FALSE,FALSE,FALSE,,
TRUE,The Lego Movie,70800,Getaway Glider,2014,3,89,$12.99,$0.15,$4.33,FALSE,FALSE,FALSE,FALSE,TRUE,FALSE,FALSE,,
TRUE,The Lego Movie,70801,Melting Room,2014,3,108,$12.99,$0.12,$4.33,TRUE,FALSE,FALSE,FALSE,FALSE,FALSE,FALSE,,
TRUE,The Lego Movie,30282,Super Secret Police Enforcer Polybag,2014,1,35,$4.99,$0.14,$4.99,TRUE,FALSE,FALSE,FALSE,FALSE,FALSE,FALSE,,
TRUE,The Lego Movie 2,30527,Lucy vs. Alien Invader Polybag,2019,1,38,$4.99,$0.13,$4.99,FALSE,FALSE,FALSE,FALSE,TRUE,FALSE,FALSE,,
TRUE,The Lego Ninjago Movie,70610,Flying Jelly Sub,2017,4,322,$29.99,$0.09,$7.50,FALSE,FALSE,FALSE,FALSE,TRUE,FALSE,FALSE,,
TRUE,The Lego Ninjago Movie,30609,Lloyd Polybag,2017,1,2,$0.00,$0.00,$0.00,FALSE,FALSE,FALSE,FALSE,TRUE,FALSE,FALSE,,
TRUE,The Lego Ninjago Movie,70607,Ninjago City Chase,2017,5,213,$19.99,$0.09,$4.00,FALSE,FALSE,FALSE,FALSE,TRUE,FALSE,FALSE,,
TRUE,The Lego Ninjago Movie,30379,Quake Mech Ploybag,2017,0,64,$4.99,$0.08,-,FALSE,FALSE,FALSE,FALSE,TRUE,FALSE,FALSE,,
TRUE,The Lego Ninjago Movie,70606,Spinjitzu Training,2017,2,97,$9.99,$0.10,$5.00,FALSE,FALSE,FALSE,FALSE,TRUE,FALSE,FALSE,,
TRUE,The Lego Ninjago Movie,70611,Water Strider,2017,4,473,$29.99,$0.06,$7.50,FALSE,FALSE,FALSE,FALSE,TRUE,FALSE,FALSE,,
FALSE,The Lone Ranger,79107,Comanche Camp,2013,3,148,$19.99,$0.14,$6.66,TRUE,FALSE,FALSE,FALSE,FALSE,FALSE,FALSE,,
FALSE,The Lone Ranger,79111,Constitution Train Chase,2013,7,670,$99.99,$0.15,$14.28,FALSE,FALSE,FALSE,FALSE,TRUE,FALSE,FALSE,,
FALSE,The Lone Ranger,79108,Stagecoach Escape,2013,5,255,$29.99,$0.12,$6.00,TRUE,FALSE,FALSE,FALSE,FALSE,FALSE,FALSE,,
FALSE,The Lone Ranger,30260,The Lone Ranger's Pump Car Polybag,2013,1,20,$3.99,$0.20,$3.99,TRUE,FALSE,FALSE,FALSE,FALSE,FALSE,FALSE,,
FALSE,The Lone Ranger,30261,Tonto's Campfire Polybag,2013,1,15,$3.99,$0.27,$3.99,TRUE,FALSE,FALSE,FALSE,FALSE,FALSE,FALSE,,
FALSE,TMNT,79100,Kraang Lab Escape,2013,2,83,$12.99,$0.16,$6.50,TRUE,FALSE,FALSE,FALSE,FALSE,FALSE,FALSE,,
FALSE,TMNT,79118,Karai Bike Escape,2014,2,80,$12.99,$0.16,$6.50,TRUE,FALSE,FALSE,FALSE,FALSE,FALSE,FALSE,,
,,,,,,,,,,,,,,,,,,
,,,,,,,,,,,,,,,,,,
,,,,,,,,,,,,,,,,,,
,,,,,,,,,,,,,,,,,,
,,,,,,,,,,,,,,,,,,
,,,,,,,,,,,,,,,,,,
,,,,,,,,,,,,,,,,,,
,,,,,,,,,,,,,,,,,,
,,,,,,,,,,,,,,,,,,
,,,,,,,,,,,,,,,,,,129